Session#,FA,150,160,170,180,190,200,210,220,230,240,250,260,270,280,290,300,310,320,330,340,350,360,370,380,390,400,410,420,430,440,450,460,470,480,490,Lapses,SA
Session1,0.015129662806002286,0.0,0.0,5.154639175257732E-4,0.0020368292119499524,0.004220707846173956,0.016302924776521753,0.024072813990823363,0.027165004505530544,0.03565100954174416,0.05399274345186219,0.0639438546970266,0.06839139125410912,0.06717805785039108,0.0696875577876796,0.07665649110973162,0.07089315283387479,0.05705217682867501,0.051365735309362504,0.041471277107944245,0.040578575806637374,0.0306572161089008,0.02516633029232838,0.024647884594706862,0.01939226316806802,0.017767800490497816,0.020308770087751192,0.014993065136785805,0.012046686660837913,0.008453615159380794,0.005776929384602536,0.005205308344075609,0.00266270975213163,0.00365287902788231,0.003143892511929483,0.003115893228373991,0.01670332541818098,0.0
Session2,0.018064938796917028,5.154639175257732E-4,0.0,0.0,0.0010818713450292399,0.00524445928430151,0.00941316216279106,0.021283248563551464,0.02987613572925904,0.028616913879915173,0.044676111074673446,0.05764888220572163,0.05834596015888507,0.07556225713746126,0.06799130473163027,0.07520904284297193,0.07114337520242028,0.06925771610135943,0.05993654222986668,0.04653078828319139,0.04140091267426617,0.030338389504327507,0.03225183326641921,0.029596712796189896,0.02035535137334438,0.013645706528082788,0.013775001689106937,0.0172490194953211,0.013031786426554712,0.008340916574926725,0.008342807904640207,0.00528906407166131,0.005144846985690869,0.0026671216236189635,0.002128017044154656,0.001020408163265306,0.01502393023095758,0.0
Session3,0.015365511127865336,0.0,0.0,0.0,0.0010369653986675264,0.005157865758991851,0.008652345329129316,0.014877804223713422,0.02421690495148206,0.03544672806434389,0.042195927766179524,0.05165748012200477,0.060972974580176406,0.06481252648083784,0.06615678093796969,0.06152955217998268,0.07177589762131618,0.06731215810931886,0.05689814635698266,0.03969872841517123,0.042498042888039475,0.0378074272844455,0.0381162402498386,0.030638668518659894,0.025633697572041973,0.02036437411662221,0.018106466059755806,0.01905614273767215,0.012251338676582811,0.010173401282709882,0.011235268280813168,0.009287942325304707,0.005659660529351379,0.002991445062873635,0.003567886165630527,0.002145560389267483,0.022702140436257522,0.0
Session4,0.02033477494264319,0.0,0.0,0.0,0.0020102010201020104,0.0036496193974236133,0.009283419486226265,0.014496474936633147,0.02289685346679671,0.02692175766523789,0.028403660118677083,0.05311395992175601,0.06148820776047224,0.062291836964848454,0.07197634638560921,0.06041941971112227,0.061982597263149586,0.060427381505785416,0.04877007833420897,0.043800653090377326,0.04954610835246852,0.04288033901824735,0.028976720902213222,0.024879292910771497,0.027749066907134502,0.022790870806099626,0.019691141231343374,0.01459336830825653,0.01490308559292534,0.006254082097137742,0.014441477678999424,0.0092058991175838,0.009394030615188297,0.008350082210878905,0.006583022717089028,0.006167191802757133,0.041326977759836375,0.0
Session5,0.01435366830022794,0.0,0.0,4.901960784313725E-4,0.0010478384902348036,0.00407652996466379,0.011180048801015792,0.02296058553376156,0.030246969452352234,0.04908939191643402,0.04381460318356349,0.05971530532396754,0.06571586810615887,0.07629870171261191,0.08308636150789003,0.06605636068945564,0.060095248771681806,0.06977827077282212,0.05221136246741589,0.04921744476631927,0.0338036338423347,0.02754652314813415,0.02522034752969411,0.023074622754095064,0.02438075384330412,0.02312201191173211,0.01291857796703626,0.009603395630838726,0.010827170411308902,0.009298028401685528,0.008329277581933709,0.00566063090966699,0.004155773368555201,0.0026548072700881943,0.003075273328852125,0.002578863476968875,0.014315552784763125,0.0
Session6,0.008757915018209725,0.0,0.0,0.0010526315789473684,0.0015628356605800215,0.0036050225957320508,0.010483841059172078,0.02048522407862432,0.03175726206026486,0.03534487547639508,0.05565316507555377,0.062114270361444915,0.07858492864969098,0.07045418279847114,0.07048914824728122,0.07466223892412296,0.07191285937044914,0.0623895166277247,0.0491043245671463,0.049118991683287816,0.03743197812921375,0.03560471075582472,0.025698067542226106,0.026566549104385558,0.01847707469445568,0.01300950903155966,0.013135783497761558,0.012617010839848581,0.011002426724640049,0.006792117198386388,0.009995084480595681,0.008998326512588424,0.005236141090165736,0.003719503514673384,0.0016029343666983502,0.003076943732958771,0.009502604950919254,0.0
Session7,0.01826297335610075,0.0,0.0,0.0,0.0025930034466410583,0.00498376531091862,0.010791771722426683,0.012841421780008095,0.029731662976682154,0.034441940436613264,0.04292639689763893,0.057380103167409234,0.061659733108801906,0.07209664949901246,0.07510728200182666,0.07681759886617459,0.06377788197130323,0.062145745360080586,0.057420534375596,0.04032413530584478,0.046319613675219695,0.03453477243277466,0.024795035472179518,0.03036495409865287,0.023161665720389135,0.023124409124119814,0.015473890206784866,0.013750022623239145,0.011321082313608993,0.009247273198207158,0.008102426041891583,0.004601208826449556,0.0045960919268432,0.0015456836977455536,0.003691967242230491,0.006726611696296218,0.015340692120288523,0.0
Session8,0.02200952346305828,0.0,0.0,0.0010154639175257731,0.002136164274322169,0.006827521568865324,0.011063577481368127,0.014690382911727529,0.03255939931877998,0.03508110467163375,0.03691889653013103,0.04966605900349573,0.06759349528265157,0.06345445800660016,0.06952675666423244,0.06110531805733682,0.06739498933388341,0.04983901010453924,0.042242359657128005,0.04919028227927492,0.04045686753675294,0.03634787116751364,0.03138620547752026,0.025756052773293688,0.022695765924453333,0.025230748490982724,0.020032337392331127,0.01563130683486663,0.019401089813660094,0.011594788273364725,0.008304006772386154,0.013640005677080968,0.004275016138782482,0.006302358634881518,0.005722605869918277,0.006303387872384115,0.024604822823273066,0.0
Session9,0.013648750229477393,0.0,0.0,5.10204081632653E-4,0.0,0.00636942336629541,0.013882582663191926,0.01645538882440035,0.03289786558270856,0.04470690920287113,0.050764583031897105,0.06775905337960471,0.07011462498615159,0.07052764661030973,0.07494279375962222,0.06393226519199142,0.07625375874450589,0.05932536355145024,0.05868718636367687,0.042867743008429715,0.03718731209426264,0.031689428372222314,0.027148038428691356,0.025480972800043362,0.01894151850960224,0.019093719688767316,0.009528845449151446,0.013044592673123894,0.009611341308281705,0.009092739021177094,0.005329690110616911,0.003171899184199014,0.0021166984250261893,0.004771412132371476,0.004785456983664822,0.0031873061800795103,0.012172886060501821,0.0
Session10,0.011863678324085433,0.0,0.0,0.0,0.0015635182469859892,0.002655965250337248,0.007877153610069196,0.021519645693829338,0.027444784036357178,0.03447763688609585,0.05327755039803809,0.05565640126290169,0.07690706655356352,0.07551679549581722,0.07510517743432868,0.06767831913537853,0.06951812945950125,0.05214026540950595,0.048933177236924676,0.048657607473001116,0.04230835645687337,0.029891323065463528,0.02858644317055753,0.026698804159825913,0.022313242608020357,0.020999860384848093,0.01820624746394509,0.013946352484538158,0.008445918708964311,0.012051334740091384,0.008414970375512622,0.007323550032344655,0.005858481539274787,0.0032058976067566533,0.0036003662093971834,0.0021395804114072,0.015216398675458157,0.0
Session11,0.02197291083471723,0.0,0.0,5.263157894736842E-4,0.001517289101875568,0.0020369200311703625,0.011874226993988832,0.01657299881204963,0.02443293267735442,0.03992842533311413,0.04943088763374112,0.061126046254994994,0.06102258919805322,0.07906586004592583,0.07456589697363918,0.06352739074496737,0.07163275347945754,0.06531736687337827,0.052642992037636595,0.04385048436426915,0.041114963715263145,0.04134699743361772,0.02591959758982389,0.02239756802877526,0.019859223124770696,0.015739218084005628,0.010917658606972476,0.013040609705445214,0.0114402672373704,0.010455821470437368,0.009346429400311974,0.0036200488093906884,0.004642123116029865,0.006607260451529928,0.005136640659889514,0.0020438784209335908,0.015327406965625498,0.0
Session12,0.015480042488262466,0.0,0.0,0.0,0.0,0.004631633025632219,0.006212596423379581,0.017026267163576483,0.020202164322828356,0.038459637248431634,0.03982547571601345,0.05914341305722324,0.059323296553285346,0.06756229792372731,0.0699838388960071,0.06704368122111826,0.06157617676508622,0.06924389085010205,0.05280628634550226,0.0502447831686324,0.04475272926196897,0.032764008548159515,0.03254642617150899,0.02409407618369525,0.025650460793210327,0.014696255589374166,0.018634436907438618,0.012996350331321243,0.01676617121154287,0.011943896509412116,0.005873077267104019,0.008324982234445041,0.009203664483064245,0.008324256075456378,0.0035666751041596593,0.006143509173450469,0.024953542985879783,0.0
Session13,0.014151008215519414,0.0,0.0,0.001579414115601608,0.001093189964157706,0.004635782066596972,0.011316530661774852,0.01964655996791169,0.031520475578490206,0.03778807435971813,0.0571788620240156,0.0701069446016624,0.07449008612678332,0.0680109626030837,0.07331643360655686,0.072932102206365,0.06665789834539403,0.05224600709635395,0.048790330977192674,0.038748538232626285,0.04034710123113113,0.03549591625524966,0.0298566878543933,0.025851830390367325,0.022496863689056543,0.015553050017168914,0.010731163596683198,0.01130891664276142,0.010356390932364975,0.00931879405514366,0.007275503159875264,0.006291693843870479,0.007085548103213551,0.003607717784371424,0.0026392615006501446,0.0021113290092186292,0.015463031184675888,0.0
Session14,0.01512186039430553,0.0,0.0,0.0,0.0015367161716171615,0.004741858864758024,0.012065592091045971,0.016645030169955968,0.030997517434490633,0.036702247100040594,0.04351414773122997,0.06398110516768185,0.062403444616833635,0.07657461019210617,0.08558632871942493,0.06224148421464506,0.06363594725347395,0.05906569893381295,0.04594125449049261,0.046228960936479505,0.049577190677352834,0.034500815218279676,0.028195144518287384,0.025578374561193624,0.017760210446566192,0.01883534071690588,0.018296124463480515,0.012238945975263094,0.01147388922779959,0.007257699117524464,0.0062414621849599845,0.004735891867644857,0.007920236295314841,0.006866656098475715,0.004130818935498946,0.0020959075770628647,0.017311487635995056,0.0
Session15,0.011905101110503049,0.0,0.0,0.0,0.0016426405136082557,0.006238151004861694,0.014305487658561744,0.01656894533162689,0.027071176630914108,0.03582893501780579,0.0467112030730272,0.056392909603584195,0.061876574158831875,0.07977937370474472,0.08419390345424912,0.07168964213185622,0.06567662075548927,0.04934380367502393,0.040037292880267514,0.05365365863104454,0.044323356918134174,0.0349430282135557,0.030688840806682566,0.02840778587517065,0.025217497275469902,0.018754281984320414,0.014901519078325206,0.015856852071274206,0.008803949262970096,0.00833063090926666,0.007907586418293176,0.00887948998883117,0.004837212043397611,0.004657072658166416,0.0026457258674495174,0.0016251048577747274,0.016304646434917573,0.0
Session16,0.017192674455116578,0.0,0.0,5.376344086021505E-4,0.0,0.003698374877810362,0.009333809312576009,0.0188948718833742,0.0313923521580816,0.03409880300413911,0.034248064404110365,0.05248167617517955,0.06728170366786199,0.0601159062387935,0.06920577756802523,0.06535515244804524,0.0682888364961687,0.05284594968855625,0.04729642099359088,0.05108374055721134,0.04352198031295183,0.039519076113840354,0.0294240764547415,0.033233506485947015,0.0194057236353271,0.01948375018108136,0.021528989811427368,0.014317001289218664,0.010462703644523392,0.011029931032776413,0.016320034698489447,0.005265681815633291,0.00894715497437274,0.007400455607987859,0.007865812616565247,0.0036692095931317656,0.025253163394741596,0.0
Session17,0.008893451937233487,0.0,0.0,0.0,0.0011022286821705425,0.007924064825183852,0.007836504797249634,0.01905814807854054,0.028398084740015005,0.03528997359864467,0.0560233750566973,0.05621050600802152,0.06269788837766872,0.07783873530137536,0.0820356978516445,0.07419040698569752,0.06066431368061949,0.0550756909104473,0.04365712571648607,0.05264443764350546,0.04226658475271505,0.035212776444128444,0.027460444496529783,0.03369512985801579,0.021620648658705777,0.01616566120980126,0.01992203916960286,0.01487973278753921,0.01055451270143096,0.010538514181174562,0.0089791212771036,0.005278704027624201,0.005427854685482767,0.0047052735479849,0.0010416666666666667,0.0015790640164240386,0.011131637327869138,0.0
Session18,0.014708875537830079,0.0,0.0,5.263157894736842E-4,0.0015411319166841995,0.0037797717533099586,0.011156829473670322,0.02138636061576584,0.028669678498774658,0.03545965412893764,0.042355669155992946,0.06598813263460401,0.06865628680101185,0.06771029218176514,0.07330543051746478,0.07697279056153869,0.06785691009254116,0.06386768710988097,0.061223081282355506,0.047203029216253904,0.03497421783479698,0.03238569446601296,0.02955273868702323,0.023646877781756243,0.018387899561121312,0.01988895022007493,0.00905724372149669,0.012638470011505188,0.01421526539089818,0.00945902072512125,0.004123985623073752,0.0059637249739892,0.0032186154068647548,0.0036813678076859564,0.006380371541116652,0.0025885036597384477,0.017469125319868904,0.0
Session19,0.016306859203295145,0.0,0.0,0.0,0.0025736192570869993,0.006173853675690149,0.00931641147196679,0.01584560456286546,0.024349112283269476,0.040330682446280214,0.047691431804315655,0.06676632895107208,0.08035488108578659,0.06497824887472042,0.06874995280117308,0.08077633718774407,0.060325724304207615,0.05748909173150361,0.04675832670275474,0.040807577726229026,0.044994855996828,0.03016095131499124,0.033928686582289216,0.03126924204737681,0.024289795326399678,0.014481971839820421,0.014466846117361942,0.0097456360410331,0.013556276410322272,0.0087518994451282,0.006695487137262211,0.00564475706293982,0.007258988691571227,0.004048964737243372,0.002602228682170543,0.0025566023425927695,0.015952766154708063,0.0
Session20,0.016078158267747285,0.0,0.0,5.263157894736842E-4,0.0015463917525773197,0.006860488187856737,0.011512619821789803,0.018536431686412988,0.027790423501293467,0.029856351673363417,0.03620242805239686,0.057989262976804866,0.05042494576205621,0.07388442519345703,0.07217365151268654,0.07809522976146759,0.06377263238803857,0.060162360313733024,0.05897426732205559,0.03932123638080841,0.04033762967458223,0.03680603126227573,0.0323681985019643,0.023172541971301683,0.02575763067434559,0.021298247027469,0.018881968233429823,0.014756143794028403,0.016651692758694055,0.00743424090250355,0.011628311505655315,0.005676226049939619,0.006933609724202675,0.006289807341412526,0.0030885107278269936,0.0036472010900097085,0.02156438841633946,0.0
Session21,0.011376886593631026,0.0,0.0,5.10204081632653E-4,5.434782608695652E-4,0.004739787171661255,0.011278306040181093,0.021471487863472995,0.029219522566566663,0.043506971536561995,0.04822596146677331,0.06032156049543288,0.07951886225375676,0.08920834305787076,0.08072290425560855,0.06189291931144318,0.06756463665252964,0.059748239083241464,0.05333638377409065,0.04198161722000089,0.03976285399973021,0.035910405720136124,0.02559511950143037,0.024094906851585808,0.018426944812603173,0.014575669327538418,0.011572958945544654,0.008359131115628516,0.016032293832976444,0.00890930907983745,0.004736106798612789,0.005260941695273493,0.005250552469152573,0.0020899795933613245,0.001058467741935484,0.0026967083472303503,0.010499578482097486,0.0
Session22,0.011929966406609881,0.0,0.0,5.376344086021505E-4,0.0010929288103201148,0.006253115340087913,0.009918075786270342,0.018381653497090242,0.0333908905692874,0.03923646414847285,0.0479679942047516,0.07202863818909137,0.07213851526276649,0.070092577353042,0.07349282135890779,0.06609257459785059,0.06675267563714782,0.06592229611651483,0.05672333850535775,0.041019264611184436,0.04084274369615957,0.03128135749715655,0.03312825823132447,0.03014476262742586,0.019283774640284933,0.01621359831295689,0.015347768204065793,0.00990104986951782,0.014621147873934592,0.0057005777580832005,0.005304142137494932,0.006299662833102073,0.003136287996162058,0.0,0.002621784907063906,0.0016031328919527677,0.011598525719959042,0.0
Session23,0.015334461519718998,0.0,0.0,5.434782608695652E-4,0.0015446971329324273,0.0020570342936826152,0.009396855598717257,0.014888449235369269,0.03231099003941844,0.04080405360869426,0.057279557437688845,0.06902659953745667,0.05962034882136143,0.06532658593360256,0.07641594531232912,0.06537091319838448,0.0694266480320175,0.05392185069490185,0.05244767689012708,0.05457573570576222,0.03768816399516188,0.026431273326052423,0.0284233502670209,0.02778920667152802,0.02709304069526533,0.017043761643757614,0.014937914819307549,0.012615040014647902,0.013693294651117025,0.008211037062587648,0.008858592657568488,0.0037066394400786357,0.0051293869651030085,0.0026363134286445404,0.0021639482834014435,0.0052846945173920905,0.01800246030833098,0.0
Session24,0.015439121580817658,0.0010348874426544328,0.0,0.0,5.494505494505495E-4,0.003132766716419419,0.006226177606130892,0.011387431449672082,0.02666161286851701,0.03035080714341516,0.05162023072072206,0.054853550088826517,0.06745002133009757,0.05463171839246319,0.0762257145943639,0.06620196243394308,0.05721826743291406,0.05555051880234504,0.05799724885460085,0.045865365797015965,0.044837710633585284,0.0349608246399141,0.029409166963432164,0.0284362062381563,0.021880577195636228,0.02862176519521064,0.01824058755437278,0.018589898120803916,0.009793395580605367,0.014494180662063646,0.009863666737301114,0.007785254508198207,0.008275983675567452,0.0056528226641054625,0.007239247907836916,0.005687268975122248,0.02383458894371871,0.0
Session25,0.01223295961975556,0.0,0.0,0.0,0.0010205144225762784,0.005610956034358289,0.00875235976743524,0.020114387638264352,0.025756718104104508,0.04086543187709334,0.05172742644352483,0.0689422425142536,0.0663931304167739,0.08218952293616395,0.08232061336340246,0.07880881094564761,0.07031576347034205,0.061160515121836,0.04668868530043964,0.047698424180158676,0.02753411637834577,0.03481393292518386,0.028147664049105115,0.026328725621028344,0.014088498818495263,0.017327373759479514,0.014211924360985551,0.00977038296337934,0.012959224468922243,0.006206898952670261,0.0056775022025031836,0.008256517421076172,0.004072680267791323,0.0025399738287937047,0.003501443001443002,0.002079204784758993,0.011885474039908068,0.0
Session26,0.015124309795369755,0.0,0.0,0.0,0.0015421986277575125,0.007257075217045192,0.009032299899991504,0.022076134324971075,0.033181167031826705,0.03756013359737435,0.04722377711842647,0.05983085292304704,0.07461237846989618,0.07372067025855536,0.0750904214143153,0.06966947275866343,0.06629527081115552,0.06107404614946079,0.05466583232794862,0.04706197374242667,0.04195571458141488,0.036681938389200815,0.023484281879563813,0.022543115712509245,0.02561444133865486,0.015072141473403161,0.015254073692346031,0.009276279809837359,0.007961724997088132,0.006880451532431662,0.004726917069168396,0.005291827390982157,0.007800158634165237,0.0031698044404334124,0.0025853579778700227,0.0035887194989638596,0.013095037113735464,0.0
Session27,0.009486030741569408,0.0,0.0,5.376344086021505E-4,0.0015521996278575225,0.004807248560978165,0.007458780874279952,0.01660954946819023,0.03558546537329334,0.03750955377709958,0.05660197799388953,0.059978358684518306,0.06168355775193078,0.07119864251906384,0.07387264534615713,0.06925354550048055,0.07131843093693432,0.05539753083599695,0.05409586633792868,0.04802072084524291,0.036479913920404124,0.03206797346497982,0.031584433521440566,0.029828898630794277,0.020722188131380895,0.014886609763143401,0.01742646603741204,0.021505725138124966,0.011173349766622036,0.005812021311897226,0.009605780537867644,0.005272571762546687,0.003262157024948082,0.005258734804892985,0.0010929288103201148,0.00473078020611194,0.014321727583099842,0.0
Session28,0.022165962687445452,0.0,0.0,0.0,0.0015539916833458335,0.004153825811648036,0.009483001092612827,0.01935225042391276,0.02496155876180081,0.03361510985078503,0.05225599405006407,0.05467940674932752,0.07215737325794729,0.06157775756834869,0.06997509223516794,0.07798610106363395,0.05510010837722838,0.060185006140942576,0.0577036002244664,0.04133242623721916,0.036575545982212326,0.03425376254621127,0.027022007458055202,0.021783090492053014,0.02075038793555153,0.01967642747696623,0.018686122915285583,0.014020069314432514,0.010851086359896133,0.011268179389755285,0.011532645098438706,0.013512414120441272,0.007876086165947994,0.005175508492914925,0.007309966896899169,0.0031226192716875944,0.01834551386735447,0.0
Session29,0.008755158115338234,0.0,0.0,5.494505494505495E-4,0.00315284117351139,0.002581611395393423,0.009969221065549174,0.019400568704721018,0.028925759959595242,0.046053837368232174,0.05451178698180039,0.06774448521057068,0.07442470195506899,0.07689217770429356,0.0837977041055866,0.06989438685621038,0.0680869182192635,0.05533475614539342,0.04885203852479889,0.043233343465714974,0.03843890048294306,0.02863960748081319,0.02763440333551499,0.03373106257014798,0.02312932926296111,0.015673530367328294,0.008423757522977783,0.011039943117128243,0.00675229812634984,0.00684638600398208,0.00932892863722838,0.004732646551521958,0.004745820506416287,0.0030783669077257734,0.002655519722776059,0.002569788473523206,0.010418963430169095,0.0
Session30,0.012898454931536555,0.0,0.0,0.0,5.494505494505495E-4,0.0051468674680160845,0.011642338096495713,0.01626099076303019,0.022431805202100908,0.051246194090717415,0.0436413111589437,0.06147759534340915,0.07936680386420242,0.07754239145284383,0.08026170234730634,0.07456763538838683,0.06462532245193758,0.055708815341823925,0.0523409682926569,0.04333693762759615,0.03245210907377737,0.03311522524844112,0.02960234679087025,0.02925232552286648,0.01833171462237569,0.017951322565037193,0.013640026034968994,0.01195736922910111,0.010090696655244499,0.0098874244526382,0.007877196294247314,0.008907216875457891,0.004175411803517393,0.005286646269511402,0.002536920031170363,0.0015859704205568865,0.010304493739763622,0.0
Session31,0.015068759880749374,0.0,4.854368932038835E-4,0.0,0.0015575828927754474,0.0047692103900454415,0.014206381729529155,0.019318435881678104,0.027370207702513992,0.043023684255461894,0.05439429961366449,0.06407613426518496,0.07139444719702101,0.05848126636579282,0.07672084547634188,0.06829285350255054,0.06476427486269884,0.06121665377874985,0.04874564294204118,0.04788005681943884,0.03859665726383302,0.027258204790255914,0.028527896670304725,0.029415895574637852,0.02210816060508054,0.021636356146115997,0.014992240058345773,0.013536031229944762,0.008333350687519727,0.012852631531382653,0.006299759490226738,0.007874878586509673,0.0051294501761740335,0.00260293436669835,0.0025723587432836285,0.003062274590861148,0.01343474503938381,0.0
Session32,0.013526170003274616,0.0,0.0,0.0,0.0,0.00468722795771547,0.007889247808781513,0.011069830729110833,0.03045715547492576,0.035086345964826474,0.04876785179074648,0.049539551883086716,0.06291108693235471,0.07142779617937593,0.07083150273471056,0.061513820598737015,0.0708251436404615,0.04632347102829246,0.06431461364273885,0.04616939673780622,0.04556209712129414,0.03845148840101463,0.03457939368492434,0.028195002019862643,0.018917677281585655,0.02471361672173789,0.015676254641938017,0.012501853931995186,0.013116241937399997,0.009834189805085644,0.006183679619079065,0.011161121332978318,0.009332135106312856,0.005150946013463208,0.003177538987873879,0.003649060564596904,0.02445748972191253,0.0
Session33,0.009816472110941075,0.0,0.0,5.494505494505495E-4,0.0020859704205568865,0.002597131633348413,0.013561249606367714,0.02037906381039125,0.027228049628267616,0.03897759832074335,0.06159982510363217,0.0590659591535103,0.07204206234069396,0.06873569609303384,0.078071141573137,0.07762111201877778,0.07149901550509329,0.05469873551839103,0.06233872227803716,0.04043666742571949,0.04213044899208099,0.03607858407152788,0.031725679610581814,0.03228213850741363,0.019170785062725897,0.01197163103007742,0.008205560913024471,0.008877435678101748,0.010037392886126132,0.005182704542186368,0.006740272781124034,0.0050207274373929595,0.004211583144429647,0.0020961745021895396,0.003671673915987098,4.950495049504951E-4,0.010798234329986991,0.0
Session34,0.012067677945431541,0.0,0.0,0.0,0.0015628356605800215,0.005865920072277435,0.009102464826710439,0.0234638554555565,0.026579012970376993,0.04087996061804192,0.05519020205991435,0.05340749225784543,0.0723661706587079,0.07986141823782063,0.0699109808420999,0.06749853610785245,0.064379309877059,0.06175520913651139,0.05683359043285415,0.05056645956670257,0.03401923961792231,0.033072562620428,0.03143619195428404,0.02663245407914161,0.021288376177415816,0.02070470776208029,0.014298567806385703,0.012954289228101304,0.010623364977506902,0.007490201027878648,0.005287949898712176,0.006446566470946219,0.003149800207790929,0.0037903121676054496,0.001596829360593344,0.0032184162256058205,0.012699073691258802,0.0
Session35,0.013064740313450795,0.0,0.0,0.0010256679991584262,0.0026375317583595226,0.003720456317629228,0.008960154691557035,0.019647923941745134,0.03418284856872015,0.03806319282261346,0.060694491046812425,0.06527484250782721,0.06922877780240641,0.07491054890906315,0.07901347920726806,0.07112286237383479,0.06384478265249208,0.05306912686742347,0.04522353095400576,0.03744696937237001,0.03862490045293494,0.03622664566428905,0.02761029973904444,0.02379717044310624,0.022263344827607126,0.015323688089369621,0.016876652474315683,0.011182521048989511,0.012083229032400295,0.006859189238934665,0.004209219379249272,0.007890420901168368,0.005266059311218272,0.00526177389485106,0.004204584544006422,0.003152758617040517,0.018035614234737297,0.0
Session36,0.019678969519984324,0.0,0.0,0.0010813654430675708,0.0010582306830907054,0.003617447817900054,0.009343602080520114,0.018295068278368538,0.025251640731854402,0.0416565437741783,0.04300501589825496,0.05376350668828798,0.06718822407550096,0.061113781542673995,0.07316916724892246,0.07004566552667982,0.05921217973343623,0.05904971264774106,0.05977237120369864,0.05120154945297567,0.036540094516703495,0.028801236133609253,0.02920974391659637,0.019919290115130932,0.02409198716877605,0.019195739655611818,0.020837980594016897,0.012969925811047969,0.016731463120846956,0.015070759459077671,0.010403398706401295,0.004143869162558747,0.006779260540877266,0.0056599601721919355,0.0032741910866910867,0.0020469202532498146,0.026820137239476655,0.0
Session37,0.016055109207767863,0.0,0.0,5.05050505050505E-4,0.0030757993291810606,0.005736751994706082,0.012959839981446447,0.019698052747366572,0.024044901271247553,0.04557705563036945,0.050057125062581066,0.0621322668503234,0.08056101851215916,0.08403138585001685,0.07579690466590507,0.07554782791991548,0.06929483151899274,0.060850397706562406,0.048209147876771934,0.03858630008910982,0.032381438159941406,0.031429445187674904,0.02390710751100845,0.026004988541021717,0.016784723517532685,0.014496488413882944,0.015758955704786755,0.013447206179360691,0.011534030378313223,0.009415996859272979,0.0036669857283726953,0.004091703985701326,0.004611971380631678,0.004163876592056066,0.0020959075770628647,0.0015389999138599362,0.011950407650046176,0.0
Session38,0.012961398121288981,0.0,0.0,0.0,0.0020689369291853766,0.0015639926834458435,0.010306905969166252,0.017645738517349706,0.029416064922441067,0.043715318249588124,0.05359132500379965,0.06045168351114052,0.07153709964164714,0.08053381906298072,0.0763243256069745,0.0710212889956424,0.07298147377173554,0.06267793162912748,0.05682554705257351,0.04268340202880533,0.03671841409296859,0.028912384154727917,0.02934032305824922,0.020668729595045784,0.022210917451762777,0.01412361251501372,0.014083630467668775,0.012140898426785448,0.007986929467597029,0.01155274449746748,0.006723600953589466,0.0025944112859468257,0.005294640977842191,0.0052474113923859835,0.0030851486470274076,0.0010208333333333332,0.011989117985695916,0.0
Session39,0.014107745104931842,0.0,0.0,0.0,5.376344086021505E-4,0.009090670479261306,0.012708225514116784,0.013337595455979567,0.03281570456893327,0.04349778087206261,0.05211012998961898,0.06118528441812532,0.07399157539081333,0.06517273648783523,0.06978573279794736,0.06921660871195354,0.0687582024998751,0.058689634355015764,0.05975845014547071,0.04352281912375813,0.045266139802457826,0.03243131875160422,0.02384397799818298,0.02411096500907938,0.01912950505676759,0.015809790479854747,0.014004645786534828,0.012159255865174905,0.006345050266632436,0.009926608816304038,0.009160033748371113,0.007406010888644052,0.0052527814970594194,0.006769316333461917,0.006420570069539016,0.0026828216134319864,0.010994677692598523,0.0
Session40,0.012647917475152592,0.0,5.319148936170213E-4,5.681818181818182E-4,0.002111668277468846,0.0047577763163731265,0.012062937573579534,0.015136116689687585,0.023054078953951004,0.03768831921556934,0.0479753448456133,0.052819546366132085,0.06830892722715973,0.06776937518888183,0.0639409526777202,0.07188678766350533,0.06086980284922824,0.06141196087779305,0.04149224186400573,0.04751249522335101,0.03453341232962956,0.03365187776209147,0.03795499249625252,0.027014940522919306,0.023075286493793402,0.02304423541841141,0.015598721510880136,0.015678805811914737,0.012232725132442846,0.014791378120538415,0.009481621526378558,0.010444431334966324,0.006405194022118597,0.005896327098228988,0.0051793530424715075,0.007875548590214243,0.02459480278977654,0.0


Session#,Block#,FA,150,160,170,180,190,200,210,220,230,240,250,260,270,280,290,300,310,320,330,340,350,360,370,380,390,400,410,420,430,440,450,460,470,480,490,Lapses,SA
Session1,Block1,0.012313938341293964,0.0,0.0,0.0010416666666666667,0.0020204081632653062,0.004211897524967433,0.013442798041202297,0.025897157413690114,0.02918128219527095,0.03844547627870143,0.06409689372202781,0.07159337384352446,0.07589947997391987,0.06941913783706515,0.07508690458915605,0.08680930819753124,0.0591395461052136,0.054659786717647284,0.052007972553807215,0.04163168654757617,0.036563464331153366,0.0363881657658438,0.018765752400250885,0.02519483499536108,0.015381232742865878,0.0176165477908709,0.020569502978496364,0.014744144111545326,0.006415816326530613,0.005278682394943793,0.007370289959955613,0.001020408163265306,0.0020842379504993486,0.0020204081632653062,0.0020842379504993486,0.001,0.010603559262126066,0.0
,Block2,0.017555145786344137,0.0,0.0,0.0,0.0020869565217391307,0.004200704672112748,0.019039644806235524,0.022107402937353915,0.025148362103127386,0.03264030505828893,0.043787607752945795,0.0559704079713028,0.061160890280343175,0.06610223995515936,0.06429451311281124,0.06651249254221199,0.08229539436858635,0.059849004225313585,0.0502007584832901,0.04154523934083974,0.04440125131417602,0.02518101431782402,0.031549143592578086,0.02434726901871121,0.023513310551936045,0.01827408954909695,0.019751069872298622,0.014672306163939974,0.01782758398745843,0.011646885133196349,0.00424974721941355,0.00939344671936557,0.0031471631205673757,0.0052453789816321785,0.004148067737733391,0.005214616096207216,0.02294058670585906,0.0

Session2,Block1,0.02033622063059331,0.001020408163265306,0.0,0.0,0.0011363636363636363,0.005201547220392703,0.009472237562299674,0.024944362946507627,0.031161656665155045,0.029101030267313654,0.04145329825939419,0.06088406844824631,0.060737489945104105,0.08264098404870428,0.07260923037930604,0.07855758187058248,0.07623837882820622,0.061210666804500345,0.0598845448530559,0.05341215074646659,0.04009075719553782,0.02206649455609541,0.034572870109236625,0.030277934413693537,0.02003121842955419,0.011455514035116642,0.01294470312443089,0.007500974698179667,0.011371663065472874,0.004302536231884058,0.005059978393873272,0.006364675302745211,0.004092427578086198,0.003241860090264345,0.0010416666666666667,0.0,0.015582504833705116,0.0
,Block2,0.015160134102740936,0.0,0.0,0.0,0.0010416666666666667,0.0053544986239386855,0.009410335991263043,0.017631314250361543,0.02798309675277877,0.028376306251138145,0.04804096974488632,0.05484009225448931,0.055420869065794985,0.06883606978400063,0.0636613701816158,0.07206395745906315,0.06643612857100603,0.07753330328894893,0.05978957741988783,0.039388259343530484,0.042737974001414714,0.03886691479927394,0.029972165926159273,0.028672754777567467,0.020716966349622463,0.015565804829810109,0.015101020841717674,0.026896283529746164,0.014606737344953399,0.012275623015163512,0.01134452616170641,0.004287149945336809,0.006088557161995233,0.0020673486786018753,0.0033102766798418976,0.0019230769230769232,0.014598869281900868,0.0

Session3,Block1,0.014534251589342776,0.0,0.0,0.0,0.0020842379504993486,0.00539650609914585,0.007195658103844968,0.017427530456515634,0.025129284832926417,0.0383203350862867,0.04889907621057389,0.0670302655770739,0.0737645812147509,0.059496878268567845,0.06333960569213097,0.07116056821381703,0.07439800836550073,0.05898735861107498,0.05955341283239218,0.046361731549950116,0.04153975012384301,0.030248504431001567,0.03124653224758072,0.027952588977279192,0.0302678552377244,0.02068536063824234,0.015950738291560285,0.017860455853633463,0.006175741218473205,0.006194694489907256,0.014632217404944766,0.007234919962434558,0.0054126837290574565,0.001020408163265306,0.0,0.0010416666666666667,0.00945659190999154,0.0
,Block2,0.016032239456014626,0.0,0.0,0.0,0.0,0.005084133653461385,0.009978376315561189,0.012232076104144698,0.023292950850013993,0.03256666965330987,0.035874746917264264,0.036462519376725386,0.048507358207624175,0.06988677508878852,0.06880953914455466,0.05236202875811828,0.06953598563633016,0.07497657759712703,0.054587580825580795,0.03320541094954814,0.043155108639593535,0.045454598067513854,0.044723509197316894,0.03325690457373862,0.02125843492995439,0.020218699018068765,0.020078674973598692,0.02061874213531809,0.018160548881257715,0.013991970201459656,0.007972546418144424,0.011122984158698444,0.0059933288595902575,0.004832879292368748,0.006967009517885528,0.003083333333333333,0.035715759267991885,0.0

Session4,Block1,0.013177240945478026,0.0,0.0,0.0,0.003198067632850242,0.004155859668282028,0.013257114972153039,0.014826395249437163,0.027045506737549,0.0332412339286851,0.03452627066063116,0.05700563094708121,0.056909268387773895,0.06891172129336828,0.08171761109446393,0.06341959193169583,0.06423102296738235,0.07012284898960743,0.05622798026247069,0.03581338340912226,0.04318484883660833,0.04122526011120353,0.03411285622854553,0.02387190413417199,0.024670848478856016,0.013461188212328029,0.01835841930643079,0.009700013052069497,0.013450532428486733,0.005536867076300848,0.010507421156418794,0.01214990594263793,0.007399600282888259,0.004149031351671103,0.008484305446840135,0.004066259777614087,0.027883989098896705,0.0
,Block2,0.02690917350841355,0.0,0.0,0.0,9.259259259259259E-4,0.0030858886107634543,0.005208259061200238,0.014055859647256827,0.01873346907486625,0.021373736415590778,0.021779147491816964,0.04923885425694485,0.06562246641594546,0.05510506657887202,0.06300608292692501,0.05790775605949121,0.06003064882649335,0.05086984204141989,0.040251924314486175,0.051475019510217976,0.05673665391509479,0.04420619464265892,0.023968690646256348,0.025877067965012712,0.030341863465978346,0.03218102802292574,0.020714995148373456,0.019752688837552917,0.01638676501868868,0.007473713875794219,0.018356512718693038,0.006091649016398704,0.011419197160943159,0.012855785139773207,0.005089093738968582,0.008043482039280358,0.054925497980976866,0.0

Session5,Block1,0.01307814652021654,0.0,0.0,0.0,0.0011111111111111111,0.001020408163265306,0.011052163003566207,0.02444473616283592,0.026126455743513445,0.05639020959772941,0.04451665598118042,0.06009469666346897,0.07303403440582304,0.06482160541186902,0.08382409076956585,0.0725969095933974,0.06302479166288953,0.07733844540884764,0.05274589641684787,0.054306872214870475,0.03218751999662437,0.026003155127906224,0.028613727271987344,0.017189681180884965,0.021967811153602003,0.022292775768142127,0.010562819577150736,0.009196845404828598,0.012450085599546239,0.004004620716211013,0.009213858666710362,0.00607010116370916,0.00419359410430839,0.0,0.0030749155007915112,0.001020408163265306,0.012430851773333449,0.0
,Block2,0.015499040828172158,0.0,0.0,9.80392156862745E-4,0.001020408163265306,0.0070826821066590885,0.011224187742729942,0.021491910621773313,0.0345396807564317,0.04194406926379856,0.04306494758539848,0.059519734213288246,0.05917611370498813,0.08687139971964465,0.08186289064437022,0.05949323833764425,0.057330292114242044,0.062282601980016374,0.05150989674328486,0.04416851423614125,0.03518317127460012,0.029004772829205206,0.022288874638721912,0.02901009147699498,0.026605741212226725,0.023826487783045726,0.015419658666142042,0.010062910969712173,0.009154837929621431,0.014521958096552504,0.007313309415799966,0.005274361320373082,0.004134697357203751,0.005400533528386722,0.0031659958258795466,0.004152546410834387,0.016418050345988467,0.0

Session6,Block1,0.006151586629101224,0.0,0.0,0.0021054964539007092,0.0021054964539007092,0.0021073646850044364,0.012743336499097053,0.019729059453238666,0.033171624481673864,0.02954307534636742,0.057442331660916265,0.0693662633082405,0.08230202020427675,0.08952929948126805,0.07537563436442421,0.0717168911480289,0.07174981510363324,0.05565964046734945,0.052254606116410515,0.03537542383912094,0.04335674271573111,0.03160358375865459,0.029170337549285864,0.020924244597623202,0.02401619092301278,0.008424817660644277,0.012559233020991314,0.014882968759505039,0.00845714218465678,0.005344267139479905,0.008405491629275823,0.006273067737733391,0.005435810463562544,0.003183198860939725,0.0010416666666666667,0.002173913043478261,0.006318357592805855,0.0
,Block2,0.01134891247468887,0.0,0.0,0.0,9.615384615384616E-4,0.005150682011935209,0.008297845132502587,0.021315669735209708,0.030249998803654577,0.04143419858031812,0.05450202656021774,0.054892242461411764,0.07472848987285029,0.05118782183267545,0.06501649672422191,0.07749315442979138,0.07239705398675583,0.06882885961032838,0.04568181050563808,0.06262671622889798,0.03171961320054275,0.039972062738061205,0.021994118075178853,0.03200257855855325,0.012581110497585337,0.017527388688448643,0.013626557871099043,0.010595803538806826,0.013669827121185682,0.00836292093082352,0.011614318225120797,0.011665887092522982,0.005327276387058996,0.004404650787938764,0.002131519274376417,0.0040959426372494815,0.012594906962811053,0.0

Session7,Block1,0.012799026577249187,0.0,0.0,0.0,0.002150786308973173,0.005072019414820892,0.010369748662054066,0.01762875897293142,0.03494932775294302,0.04248079982735902,0.04291434128292843,0.05559308098125966,0.05940994512621509,0.0876651799623246,0.07453851633661651,0.07917862881189051,0.05975131944334271,0.05976889616852269,0.05708064159305769,0.04293744832448719,0.04466488777014162,0.03543117674617939,0.029319027582770836,0.024770835444640628,0.020615711855557474,0.01975857545757529,0.014422160233737703,0.01342124874926844,0.009046576267073161,0.010403450139276755,0.005103400017842009,0.003041666666666667,0.004284297052154195,0.0,0.004129423508533848,0.004151927437641723,0.013147169523964386,0.0
,Block2,0.02358459468899462,0.0,0.0,0.0,0.0030646301073620937,0.004991438566594843,0.011264009394699959,0.008244014207187423,0.024327472302167315,0.026818769499102106,0.04286659485501659,0.05904866967134352,0.06389196343302829,0.05624150132194803,0.07589596886706425,0.0748880954483988,0.0672277139950434,0.06487737399041751,0.05793909939724422,0.037693097603882286,0.048425973771419606,0.03372890406693573,0.02041457921119221,0.035802427319184586,0.02550929332117321,0.026438194525981545,0.016236949053655327,0.014058704788666592,0.013118714179817675,0.008337613241003848,0.011056440906640022,0.006156944411646634,0.005091962779561409,0.0030877568418671815,0.003238770685579196,0.009084649243656453,0.017347114302523427,0.0

Session8,Block1,0.018536389678621038,0.0,0.0,0.0,0.002150786308973173,0.008462756841867182,0.013880214851898207,0.016837236592106807,0.0391962170874573,0.036045028455178166,0.04145891045027582,0.04501940731171077,0.06760925341642797,0.07820641534928316,0.07237568341500081,0.06484417565007237,0.06412964547434846,0.05521589916098581,0.042461899576682026,0.04642808227066791,0.03475334348152661,0.03153758474089303,0.03545534899990585,0.02119908476955231,0.02981449084003422,0.028363659927398376,0.011587697845095486,0.015731092735962952,0.018902608485545033,0.012836240503545909,0.008183906432185532,0.0125416178188821,0.0022001934235976787,0.003155333055207899,0.0029419306184012067,0.0030341880341880345,0.01490367639652071,0.0
,Block2,0.024574668273106344,0.0,0.0,0.001980392156862745,0.0021980676328502416,0.005215579710144928,0.008467155104553422,0.0126875491517807,0.02563620379094133,0.03411509960458594,0.03238042438109852,0.054211711968597295,0.06822106379751881,0.04951374263930845,0.06786615301700857,0.057799869914620314,0.07067046109869489,0.04487033824350901,0.04176026129244949,0.052518535524127975,0.046001297679682564,0.04050811124957696,0.027269852582084402,0.030082018946955908,0.015763765651188012,0.021873999313240636,0.027756272798974663,0.01531243004448156,0.019925365200185875,0.010466304764417365,0.008279700285911466,0.01451978082321427,0.0064599650529345255,0.009323067632850242,0.00829596063231494,0.009239684279508904,0.03423514576071878,0.0

Session9,Block1,0.010493411764952668,0.0,0.0,0.001,0.0,0.006319444444444444,0.013890891441935449,0.022629569258253015,0.03216077342550846,0.04869072130716441,0.04343787837788102,0.07556827916881438,0.08057923051905144,0.07249195458044735,0.0737176528447838,0.06935730618881139,0.08073015463018104,0.06190860606289441,0.053475171965458736,0.0454249834713691,0.04384943489912434,0.03078307699891551,0.028840798677556966,0.02234282985893598,0.013731391107167501,0.015073449550537566,0.007478618258897762,0.008490402405180389,0.00856267869466627,0.006410024154589372,0.005347222222222222,0.001020408163265306,0.0021527777777777778,0.0041454081632653055,0.0010869565217391304,0.0022727272727272726,0.006535765821480108,0.0
,Block2,0.01642646690096627,0.0,0.0,0.0,0.0,0.0064223113487819365,0.014056690768378375,0.010482163342965914,0.034112104059950125,0.0404990491332476,0.05801465594396493,0.05996416031335629,0.05954835794983249,0.0680599777309521,0.0764575381623514,0.05829029287820022,0.07177988858421966,0.056740782114856315,0.06375142304402484,0.03990380920259786,0.030878019162290233,0.03242186504947993,0.02566359265877833,0.028862165004014485,0.023882292730115898,0.023448378720204825,0.011420616097755224,0.01783850541726094,0.010816956468861468,0.011893539526376878,0.0051183789015657654,0.005392646399237519,0.002150786308973173,0.005338531916147623,0.008480526478805577,0.004149718397997497,0.017733809283488285,0.0

Session10,Block1,0.013426700111482717,0.0,0.0,0.0,0.0021054964539007092,0.0042418600902643456,0.00945475986277873,0.024283568960601305,0.023944886836248847,0.032360413227434506,0.05177768274508495,0.05939600195640108,0.08034597994255026,0.09250860092428434,0.06698740147847557,0.07113593935852544,0.08241896900734867,0.053948508082607295,0.051254178487841105,0.04345532286525795,0.03252186258920814,0.029267816399787455,0.023701445252701202,0.03026702197458971,0.017423380737102992,0.017828318506889936,0.01676079020528324,0.009271794778217901,0.010643326274917394,0.011598794945051718,0.005349224775268781,0.007259487891079011,0.007390520608490081,0.0033365570599613154,0.004084237950499349,0.0020416666666666665,0.00820748299319728,0.0
,Block2,0.010499045950763794,0.0,0.0,0.0,0.0011627906976744186,0.0010638297872340426,0.0059490465208550305,0.01884985428740627,0.030524379513018764,0.03696362677367954,0.05469454911108883,0.0516510892982074,0.0722571823496536,0.05900320626931971,0.08323779760419966,0.0639669551687153,0.056564214187529493,0.05038526101233685,0.04759467215958906,0.054304528197384364,0.0524377553870493,0.03041281258863432,0.033208208821797286,0.023461498717137808,0.026888261956980426,0.02407066161036138,0.019799541159043327,0.018652781224870803,0.006304777746151474,0.012627998519933759,0.011328627549124445,0.007346031073545668,0.004235024259472522,0.0032112856809520104,0.0029764395876927846,0.002249747219413549,0.022116518009182996,0.0

Session11,Block1,0.01629495469764556,0.0,0.0,0.0,9.615384615384616E-4,0.0020833333333333333,0.012677372874529755,0.01909972235293144,0.018840864036348104,0.04097904168610103,0.05005263950207892,0.06614112552331257,0.0660100310188119,0.09255661256681531,0.08079646919766974,0.06983864866346051,0.08349413435492307,0.06028066531472017,0.060726886523110125,0.037603005261426556,0.040904482903934856,0.04478967153243764,0.023424603939855446,0.015933177467969847,0.021037044433887063,0.008424817660644277,0.011817083538766893,0.012023425746830001,0.010515416311452117,0.004198867952978293,0.004262268253529652,0.0032437283213680723,0.0011363636363636363,0.00618444055944056,0.00427940949737897,0.002097902097902098,0.007290250776503973,0.0
,Block2,0.026963543137698248,0.0,0.0,9.615384615384616E-4,0.0019615384615384616,0.0019419306184012067,0.011059995756804266,0.014159563830407595,0.029302036981168726,0.03872594605514129,0.049349100610749846,0.05659836589030631,0.0565949053391393,0.06660657630159537,0.06835880821693927,0.057765360204239925,0.06023768291312196,0.07048105034615174,0.044732928891817327,0.049004549560651686,0.04093207492699335,0.038143262999717244,0.028409423470952856,0.028631435876188993,0.01873194583429243,0.022619641033632395,0.010107851241969784,0.014206616422078377,0.012478759825443182,0.01659514507135443,0.014251580152251295,0.0040448717948717945,0.007792399075417943,0.007148868057861442,0.005989172638452904,0.001980392156862745,0.023131137844247897,0.0

Session12,Block1,0.009319807763708913,0.0,0.0,0.0,0.0,0.001925925925925926,0.009263841341861031,0.018732978049731716,0.02088404773146084,0.04372239474155688,0.039879134117256895,0.06484498041885381,0.05840704342253834,0.07891404115232913,0.08335942832148396,0.06123867028013321,0.07018206120023221,0.07807132755416421,0.05678158919109759,0.04552798741633485,0.03425296073701982,0.02771707581448892,0.03014766724546029,0.016814098086398867,0.026018994499766267,0.012517816399787458,0.016664329668393367,0.011858916068146938,0.01987816438513544,0.008389015696650824,0.0020370370370370373,0.007225743586570202,0.008148950941256346,0.005297949429540549,0.006047200913462312,0.004189734404400057,0.021739086457815804,0.0
,Block2,0.02161734373360513,0.0,0.0,0.0,0.0,0.007250904617166015,0.003156771799628942,0.015690352833589917,0.019570232508682357,0.033012751531368546,0.040044423956658005,0.05382393055835305,0.06001974476328581,0.05630263637634457,0.05718463929406179,0.07275358103283636,0.052845092302159155,0.060328168285615116,0.04898082750020439,0.05454413776868185,0.05519935285360818,0.037753036406911786,0.034923784576900076,0.03152727566253402,0.02528095782693047,0.016887716218263328,0.020544075366263813,0.014273882300857988,0.013718326379800545,0.015429893814392295,0.009479090550899062,0.009322013964871107,0.010066954505024414,0.011269888279006818,9.259259259259259E-4,0.008053091285614083,0.028219195219955102,0.0

Session13,Block1,0.013334607043837914,0.0,0.0,0.0020638297872340424,0.0,0.0032266204849084614,0.013469321416509866,0.02014179565331676,0.0351371847877187,0.03927155496405006,0.06316420645278123,0.0780736052293949,0.07103359680191187,0.06116027316780855,0.08074820438772735,0.07652504717989986,0.08211972834561315,0.04958614141225219,0.05312479680053885,0.026117641063944784,0.04660484715513858,0.04150231854901343,0.02088350906238974,0.02523549386157951,0.021829951280823486,0.010525504900054276,0.01026691755669554,0.011360722733575251,0.007123707005298126,0.006057271920625958,0.006426161666141873,0.0031054964539007092,0.004078417150225661,0.00227390180878553,0.003173913043478261,0.0021831988609397244,0.00907051201188574,0.0
,Block2,0.014942751059526823,0.0,0.0,0.0010638297872340426,0.0021749408983451537,0.005973666761390547,0.008937579705130868,0.019182933671163548,0.02803155002259592,0.03614221838055234,0.05131102529334899,0.06220329800366538,0.07763518884010133,0.07497599449216498,0.0659098206080542,0.06983424518277741,0.051840135225689976,0.055105186658076934,0.044655439244792886,0.05110806090353971,0.03476317374895017,0.029597888086205754,0.03845979584699731,0.026337606521747048,0.023208209147784452,0.020457895384621748,0.011288110302115581,0.011085686746689631,0.013107125301147054,0.012533723987946657,0.00809815078935652,0.009274633793905859,0.010092463397738343,0.0050977014267561006,0.002044221944096788,0.0020869565217391307,0.02143879231405079,0.0

Session14,Block1,0.00933395176252319,0.0,0.0,0.0,0.002,0.004336557059961316,0.010656412050425529,0.0179614880992904,0.03841236071279352,0.04521436490106372,0.04873027848764601,0.06735811855647986,0.07861144909706094,0.07006636252460226,0.08744981713146108,0.06462613280952781,0.060101059038534264,0.05927192300966584,0.05183125822021685,0.046324109432408625,0.05327049867265606,0.029402799946261687,0.021443522283187934,0.024431976412351723,0.01456884170005288,0.013961270871985157,0.01791383594196796,0.015175709453461536,0.010709678864958369,0.003200193423597679,0.008370289959955613,0.004174940898345154,0.006378994021851164,0.0031363636363636364,0.0030204081632653063,0.0021980676328502416,0.006356965223226621,0.0
,Block2,0.020400031232161258,0.0,0.0,0.0,9.80392156862745E-4,0.005071651072471417,0.0136070262058104,0.015251637452782069,0.023963403978868127,0.029092894590075014,0.0381982022095586,0.06118561176186034,0.04662594875099259,0.08241739339423308,0.08374146621644703,0.05960370751120566,0.06637758194535053,0.05869304096307204,0.04044448608836158,0.04560969794148918,0.04607924780745858,0.03967712569660958,0.03515589831145012,0.026750569239649587,0.020952837258798124,0.023483925254185654,0.019021223823470802,0.009531203456349602,0.012365572102387059,0.011269618967462461,0.004301572617946346,0.0052882292827945,0.009487510575045264,0.010521041382688341,0.0051343835940410466,0.0020620748299319726,0.027653792328129263,0.0

Session15,Block1,0.010576262685990984,0.0,0.0,0.0,0.0010638297872340426,0.004522357723577236,0.019318111080195,0.013719293272864702,0.02491490362820706,0.04520028567270763,0.04613606776258752,0.06220248292740693,0.06329972190922781,0.08421252173532735,0.08390386823928041,0.07712235101171457,0.07035177525246283,0.052624781220377635,0.03971890581412229,0.046402924513412686,0.04160894055142147,0.03201791395165626,0.03125006705622392,0.03169553910921877,0.019131081728503703,0.023018707117491315,0.011958796945730746,0.01135092110130104,0.006204608320869718,0.00741020166932021,0.009448114814376213,0.00715269736736302,0.00430954957740672,0.0031039562289562287,0.0042951223042408445,0.0011363636363636363,0.009616974282859448,0.0
,Block2,0.013334421706870242,0.0,0.0,0.0,0.0021980676328502416,0.008194807763708914,0.009323121909880201,0.019781797573652345,0.029727008300701456,0.027055379562723032,0.046714736733185644,0.050584268289492786,0.05988870714817722,0.07631079760930645,0.0844033691518373,0.06554650925239139,0.06072108770741136,0.04652527034253757,0.04000100264309554,0.060488481726431564,0.0472886877674311,0.0379204019156488,0.029820864370939826,0.025080197536830294,0.031279352022505584,0.014629404567870935,0.017995461481209885,0.020223234642942615,0.01139970371317008,0.009506320770819926,0.006256119469064221,0.010497034953358462,0.0052757273122014765,0.0062361653881410715,0.0010638297872340426,0.0021073646850044364,0.022621294561373972,0.0

Session16,Block1,0.014368863435677568,0.0,0.0,0.0,0.0,0.006290371220952148,0.010301447957745926,0.022797580785034265,0.0364417677721295,0.036749900367438706,0.029457304161264797,0.05646157993972756,0.06604134503071472,0.0554454916569878,0.08031173938170003,0.06750316595420261,0.07251778790057574,0.06245007691695851,0.04998701413344362,0.0499846688467697,0.04601503036985495,0.03906954092385038,0.03257679836027112,0.025086401083581504,0.014588595291614982,0.012697485936599853,0.017869139250209748,0.013514620248346024,0.013430577396063395,0.007089244208321625,0.011525755981911497,0.004191489361702128,0.010556509890572765,0.008517329842822111,0.006234919962434557,0.002048494983277592,0.017877961447242532,0.0
,Block2,0.01981642040103121,0.0,0.0,0.0010416666666666667,0.0,0.0011111111111111111,0.008408937302950783,0.014638819928217972,0.02639763902785906,0.031716281104012714,0.0388699300915668,0.0485870167574846,0.06918050841689935,0.06436234588291484,0.05796456241454989,0.06425000276343816,0.06324857159793665,0.043231974042391666,0.04460136888398026,0.052306003297951965,0.0409074632295975,0.040123736813288825,0.026242863297591058,0.04127891030070628,0.02417213709735054,0.02612756198546472,0.025391328505874604,0.014924982351026359,0.007479602920976648,0.014635810568445692,0.021212560445788953,0.006324343083461624,0.007371253573893325,0.006553030303030304,0.009589540830351602,0.0052998176606442755,0.03263189734154388,0.0

Session17,Block1,0.012120150614927775,0.0,0.0,0.0,0.0021431828545371637,0.010507630622543535,0.01251259070805073,0.020948930147522603,0.03107193359750394,0.03678805857597305,0.04869775375334357,0.05703711457244533,0.0721214895210939,0.09809886920122177,0.08187380480410934,0.0710674444488015,0.055638741716115825,0.05467668698784114,0.043487691194418046,0.05973897243950721,0.03583743217828564,0.03620567076463238,0.027914763592370072,0.02899980988564508,0.024025557354699113,0.016411950124686537,0.018517748001235092,0.010621398426800443,0.004148067737733392,0.006361317842112212,0.006325499672579485,0.00420360702420503,0.0034125379170879674,0.0020869565217391307,0.0,0.0,0.006396637196232016,0.0
,Block2,0.005153141097042247,0.0,0.0,0.0,0.0,0.005393416694460701,0.0030620748299319727,0.016908157788918344,0.025382729614367678,0.03432221729224512,0.0634694912607329,0.05517479487312123,0.05295352722994394,0.05685833062900599,0.0818920757281694,0.07857364125400214,0.06626306503191867,0.05543407364030802,0.04390989222083193,0.04590254179691677,0.04948679688572192,0.034147826791425376,0.02681574840936942,0.037961136206046395,0.019026203905267602,0.015662015159487737,0.020975590181517238,0.01914285195801518,0.01717563074287076,0.014863926746384157,0.01176249025989215,0.006404362270623669,0.007495717055049038,0.007276077097505669,0.002040816326530612,0.003270155382678855,0.01583948363969708,0.0

Session18,Block1,0.0163982444651792,0.0,0.0,9.80392156862745E-4,0.0,0.00503184011460867,0.007320912870235975,0.019514874671310512,0.030632589200286386,0.037642637109840345,0.04236740494775027,0.06477204955796931,0.07632409948186981,0.07358999898007672,0.07391667515269341,0.07473031154692378,0.07789002206510029,0.05686931903226751,0.05557981099125061,0.05902441962338197,0.03209484757027504,0.03417450890879558,0.027929012605238317,0.018957904623459,0.018802728904907397,0.019697004246051714,0.009399510556204981,0.011464743776017961,0.015617606239954656,0.009623004340075951,0.004052411571683636,0.003261897420084284,0.0021286231884057967,0.004290668836704642,0.003241860090264345,0.0020303527481542244,0.010647712406114906,0.0
,Block2,0.01265112087823149,0.0,0.0,0.0,0.003111911431239162,0.002325581395348837,0.015041028180123355,0.023539745496507274,0.026763260307646662,0.03302319895541021,0.042096669781372734,0.06795870677375955,0.061192863086037795,0.06169341721889602,0.07293780873871747,0.07917343748634056,0.05740261908145923,0.07070966614270796,0.06692205261244737,0.03459328999393979,0.03804039727236913,0.030945691208125247,0.03149219180272532,0.028695573155266337,0.01809506494634499,0.019619299058594542,0.008686810559318863,0.013741397721879451,0.012805441697468275,0.009377593285376165,0.004082482993197279,0.008703224700733005,0.004442337188575218,0.0030424669867947173,0.009561642486451943,0.0030220588235294115,0.02450994855306464,0.0

Session19,Block1,0.011033940136286736,0.0,0.0,0.0,0.0010416666666666667,0.008413720560688046,0.008158131550988695,0.0160278089178793,0.024724787065655698,0.04615482160357593,0.040001619040072586,0.06785683135589982,0.08665766202024906,0.07073119592840847,0.07908016786044111,0.08424468028926405,0.06619460270265257,0.053837930452561425,0.05034987077951834,0.04745157224684536,0.038125392251501196,0.028773429659131117,0.04056734707809249,0.027314223030518243,0.01973249835869864,0.013564837325538783,0.012478159497004981,0.007985731040122814,0.0074180264180264185,0.008285524772766308,0.006029084347817501,0.0061574074074074074,0.004986802413273001,0.003957983589406712,0.0011111111111111111,0.001020408163265306,0.010531024358664112,0.0
,Block2,0.021718980607969365,0.0,0.0,0.0,0.004147163120567376,0.004063829787234042,0.010335142567665363,0.01564326194479055,0.023765439076512806,0.03425828660021577,0.0553151643760322,0.06502218045563028,0.07369154320535552,0.059150166617717694,0.05935770407303285,0.07644940675554987,0.054716838646516566,0.061847074411091586,0.04327620258409991,0.03446438340910246,0.051485655146289465,0.031890871103297934,0.026614016883349086,0.034693042941099636,0.028996198401519402,0.015536801876952128,0.016506223766102186,0.011517357327624538,0.01989155228775475,0.009147058823529413,0.007339616096207214,0.0052535641916341,0.009533341982355992,0.004169326241134752,0.00410805173133083,0.004171194472238479,0.021923358488495918,0.0

Session20,Block1,0.01121705122073498,0.0,0.0,0.0,0.0010416666666666667,0.008589616096207217,0.011503681722457717,0.018183313720184342,0.029640915416428677,0.02533644245548975,0.0376465241816739,0.07019677769350106,0.058510653243721164,0.06982859528331838,0.07706934846093849,0.09017923381193367,0.06877361251315205,0.056696196579155866,0.06719679092728673,0.03105572807291279,0.03332469318285439,0.04149810357383779,0.03165756391980166,0.020142447373645726,0.023830139117009735,0.022544871109097354,0.016772657968521974,0.011712737901204268,0.01541474270867767,0.009566410437131991,0.012564393595859558,0.005192289681830179,0.0031731859410430835,0.005303564086750951,0.0010638297872340426,0.0021054964539007092,0.011466725095835432,0.0
,Block2,0.02071851092358406,0.0,0.0,0.0010869565217391304,0.002,0.0051018186863081415,0.011525564178954784,0.0188666880047789,0.02626248268628787,0.03429292834508129,0.03446122707488354,0.04604397256758224,0.04299924724889377,0.0776403479950967,0.06697487677481823,0.06597263780492958,0.058134654657375016,0.06419728291905126,0.05151221251405121,0.04750564508946212,0.04665394113178471,0.03250098559804803,0.03290512529408048,0.026092735525797234,0.02755564352210404,0.020316423432546842,0.021027191522348623,0.017561244750652065,0.01769116343665308,0.0052410097501282915,0.010759452212471902,0.0062879502654648615,0.010880113125058282,0.007285231694225078,0.005122226849573449,0.00525095433501721,0.03157155356116802,0.0

Session21,Block1,0.00594428540647028,0.0,0.0,0.0010416666666666667,0.0011627906976744186,0.007391532194273058,0.015484094926275175,0.024274790344443846,0.030205446004623597,0.034712685612452124,0.05126340987605944,0.07030276134144402,0.08402040539856544,0.09339296794928402,0.09547757254470546,0.061419517253401765,0.056977399774840246,0.0627414125583356,0.05318536877042392,0.04248465233563943,0.037119711305121414,0.03140381730859202,0.0198199449436205,0.02567822194341928,0.013789671006742618,0.011587529365257403,0.012896162899016092,0.005259801654241715,0.015703138257035457,0.007360024259472521,0.003272727272727273,0.0042453789816321785,0.005389492753623188,0.0021054964539007092,0.0010869565217391304,0.0033365570599613154,0.008462608358318694,0.0
,Block2,0.01628630631075457,0.0,0.0,0.0,0.0,0.0020842379504993486,0.007002450980392157,0.018529846034336307,0.02797687683555597,0.05208598843622316,0.04554070469617054,0.05052625830384082,0.07403271811753932,0.0855067777319027,0.06619287407845069,0.06300373862887834,0.07836464909183577,0.057213208960478476,0.053472438174397986,0.04152483722766477,0.04252379903364588,0.04027382160791449,0.030877652526558823,0.022562788642817834,0.022854888179946343,0.01732125793461197,0.010376988733680967,0.011419769483638386,0.016286202013716607,0.010510869565217391,0.0063932871515751276,0.006230496453900709,0.005147163120567376,0.0020620748299319726,0.0010638297872340426,0.0020204081632653062,0.012730791212855858,0.0

Session22,Block1,0.00824361651014921,0.0,0.0,0.0,0.0,0.0063969355858285335,0.009703817641962088,0.022577511799724163,0.038082176555244596,0.04702116375112358,0.05336015697268477,0.07210554349212975,0.07223646494074244,0.07736408564674915,0.08397275171538696,0.06872998693266498,0.06603952163390049,0.06535846103243999,0.05340225903536738,0.03908198078681174,0.0380510931766215,0.0296294626436306,0.037094631196086456,0.024710326266664848,0.01358719660330272,0.02300794596996274,0.008321026144037633,0.00862856277187439,0.00964885766133804,0.0031943212067435667,0.004326876880126388,0.005466074811249786,0.0,0.0,0.002173913043478261,0.0010869565217391304,0.007396321070234113,0.0
,Block2,0.015315550549184983,0.0,0.0,0.0010416666666666667,0.002254305977710233,0.0062666299708526415,0.010380463963400513,0.01461864906002279,0.028645081962612035,0.031405405524603434,0.04325710546530047,0.07280124754885325,0.07176005749901788,0.06269113836041926,0.0630400739526889,0.06342921563883906,0.06700609937843298,0.06610612494816255,0.06011859422514045,0.042493339460043765,0.04371637069138701,0.032920439411821295,0.029747764181356447,0.035837769875248796,0.024989854242092095,0.008879984844179217,0.0222376912416636,0.01104405161949919,0.019415823196391298,0.008291370126027578,0.006306319852355658,0.007214656613633595,0.006062328198456239,0.0,0.003131178465835918,0.0021167557932263814,0.015456891494873753,0.0

Session23,Block1,0.013589891787879232,0.0,0.0,0.0010638297872340426,0.0011363636363636363,0.00304577641203781,0.010621007493906652,0.010598582093953831,0.028609876706101912,0.046659810492275765,0.052993034799392894,0.08685640469665315,0.058602435231215444,0.06855394892279362,0.09104305086234316,0.07574900340794069,0.07305409310357996,0.05934311883863974,0.051235195491546356,0.05855629804689118,0.0380208514015323,0.021782325232329695,0.018613805897683893,0.02254363872701163,0.0253864352392756,0.00928188752314892,0.011484015281723901,0.007426629566555304,0.015132524861736312,0.004090161649944258,0.008414570900824097,0.0021749408983451537,0.004189405365875954,0.0011111111111111111,0.002247474747474747,0.0021167557932263814,0.014671743991451661,0.0
,Block2,0.01697928699575848,0.0,0.0,0.0,0.002000800320128051,9.80392156862745E-4,0.008522163120567377,0.019535031998417156,0.035958469630477254,0.03488072298729784,0.06180901155744041,0.05164122250469627,0.06175768543150626,0.06265201995912173,0.06169743933223591,0.055014628020851844,0.06570813014141566,0.04798782740653034,0.05373949083338312,0.05046644827689586,0.036754593028107164,0.030853889381974003,0.03802396610831672,0.03270958632523577,0.028985549172415238,0.02443326124657505,0.018180848899792136,0.017513159399361395,0.012441740279213753,0.012122259615742457,0.009196277628744757,0.005270087047671132,0.006003824653104918,0.004235987873410233,0.0021054964539007092,0.008412456194318615,0.02142624601852957,0.0

Session24,Block1,0.011418085415984575,9.80392156862745E-4,0.0,0.0,0.0011627906976744186,0.002247474747474747,0.005240105132962276,0.005081632653061224,0.02248763077863434,0.026238068423206928,0.05564291043878422,0.06868239312490329,0.07742048288578551,0.058954251581214444,0.09283215974586692,0.07164438305191256,0.05963602416579743,0.05541607955379051,0.06643595265301336,0.04312114753003114,0.051660449265064703,0.029225092200427745,0.024908850025033215,0.030378328089568456,0.014893248559343462,0.02720049604640861,0.014787088435302149,0.016310392575722293,0.003954081632653061,0.01244778570189604,0.008194394424436442,0.003194444444444444,0.007278578097905828,0.006126126445027594,0.005411077777339176,0.003183198860939725,0.016204402681526422,0.0
,Block2,0.01902070227982082,0.0010416666666666667,0.0,0.0,0.0,0.004165145485743492,0.007264776773064749,0.017650640033097444,0.030152172347770356,0.034825101252391494,0.04715325646428531,0.04109627254141992,0.057367853028116686,0.050712414683327246,0.06067450429784316,0.060982244819418774,0.0555157792097161,0.055307150432839625,0.05054190959170814,0.04826213247513701,0.03763460832892516,0.04074392094027883,0.03374942197282623,0.026168666534097367,0.029204298676041802,0.030119422886829405,0.02167148479686474,0.02045737351132488,0.015352906896909158,0.01625963672430238,0.011102694924123494,0.012386337868480726,0.00893438185421468,0.005165816326530612,0.009444569202857179,0.00814767573696145,0.03172306043606496,0.0

Session25,Block1,0.008190178134079285,0.0,0.0,0.0,0.0020204081632653062,0.002,0.010138179576249485,0.019151512258563774,0.024456899232109315,0.04237712330464431,0.05321009863265615,0.07132270243987629,0.06040820162006583,0.09749887930398701,0.07228664658531574,0.09016670961134053,0.07021581329608641,0.07115880315157072,0.04726602325958275,0.04596063640382044,0.020887275832318745,0.03646084663970667,0.02450968441237528,0.025196388408861882,0.016165802126174755,0.0197419158298771,0.01049764807108614,0.007111143974498012,0.014310272325602048,0.006130127636338816,0.005062875150060023,0.007967098377812664,0.0020673486786018753,0.0019615384615384616,0.003923076923076923,0.0,0.010178142178857357,0.0
,Block2,0.016392618098063652,0.0,0.0,0.0,0.0,0.009353133849493928,0.0073459078358447906,0.020803288810246446,0.026778409599226206,0.038944714162522764,0.05041072454386497,0.06636277357590584,0.07270041334095548,0.06652125424359434,0.09257891806951671,0.0671269312970244,0.07001254120878227,0.05107117802404754,0.046854316006689954,0.04925641464543383,0.033815299823791625,0.033337016490929516,0.03229872062564335,0.0280324136306297,0.01171159046735102,0.014659678626307137,0.018271655869953995,0.012770867242228673,0.011778645515161149,0.006441657877260832,0.006209078080552098,0.008370659314550244,0.006093227898214248,0.0030212084833933566,0.002981192476990796,0.004169439514936408,0.013524110750892788,0.0

Session26,Block1,0.01444975046558073,0.0,0.0,0.0,0.0,0.0031080517313308302,0.009639023210831722,0.023954679432953905,0.034058548110213256,0.04440379793092153,0.05574111865825219,0.07196390245421039,0.08625368947213584,0.07823304350912783,0.06905907100024003,0.06851216933343714,0.06677839887659842,0.057946269251251716,0.06287146159361427,0.05122602632462244,0.03783019360072608,0.029879677560850366,0.016957878948834368,0.022136014559376638,0.02011181872045046,0.009400711366623946,0.016179378284373658,0.012422402518020015,0.007470910629097494,0.0042074194372468164,0.001,0.003301587301587302,0.006353086924895436,0.0011111111111111111,0.004119960921431509,0.0019049346879535557,0.007413912072098935,0.0
,Block2,0.015437470623819633,0.0,0.0,0.0,0.003,0.011625122488381795,0.008672533698678818,0.020832096536742402,0.0324787488494058,0.030598279881312244,0.03929361040380785,0.047627382602251,0.06177166515544118,0.0696155875752584,0.08102997658384999,0.07087232699186649,0.06651097714010085,0.06421704015103157,0.04639309466521689,0.04252290713934733,0.04574311450986926,0.043393617244316215,0.03004057801008984,0.02251841973212436,0.03150657180458967,0.020750030612850207,0.014376725398668837,0.006280687397708674,0.008356426375043396,0.009603609218589427,0.008441723138081024,0.007399151854248343,0.00911857173311223,0.005225561672370183,9.615384615384616E-4,0.005130864702673214,0.018653987647614438,0.0

Session27,Block1,0.008435454194572737,0.0,0.0,0.0010869565217391304,0.0021111111111111113,0.0066410948437345945,0.011568841700052882,0.014870385808852174,0.04099723226081096,0.03615176176199368,0.06613404466992415,0.057949330402135346,0.06435873337832501,0.08119407063136416,0.08114117103498629,0.06617711436325155,0.07923154348172519,0.050828363866407336,0.055309777388375246,0.04324144580976879,0.03766448025822612,0.027702040995899197,0.028381201097039604,0.034526384079360824,0.022536249436094155,0.009319713453831997,0.011579827407467158,0.01700481261894305,0.008083366196720234,0.004097120398164405,0.00541776460254721,0.0051667209436966266,0.005297840875480627,0.0019463340891912317,0.0,0.0029463340891912318,0.01090137622901598,0.0
,Block2,0.010595194610904272,0.0,0.0,0.0,9.615384615384616E-4,0.003068903146542898,0.00327390180878553,0.01844475454101131,0.02975298908055814,0.039159210791904084,0.04698430177601518,0.06195371060364983,0.05875986237773804,0.06067414426937494,0.06667916685570452,0.07292393651199983,0.06248171352328287,0.05978643680720859,0.05342766415163082,0.05290113232985242,0.034998160237149294,0.0367344707803543,0.0347176707165382,0.024612850045034544,0.01938818873399488,0.020268689594181863,0.023583622096353708,0.026482937651382876,0.01422719572131031,0.007457246481694745,0.013775190793357189,0.0053268683359868774,0.0011627906976744186,0.008727288590571942,0.0022001934235976787,0.0064680763343377325,0.018039998118777687,0.0

Session28,Block1,0.02525743783364528,0.0,0.0,0.0,0.0010638297872340426,0.004125904617166015,0.009539242854382032,0.028160280802965,0.028837827934341736,0.03476611118486152,0.05267931714017785,0.0672432277029899,0.07112383247922459,0.07055626154747466,0.07325491776429727,0.07927325968007795,0.05492507182371529,0.0628676199925401,0.05753025019507314,0.04319514665538836,0.03073879313394498,0.038294453194895765,0.02280771726931353,0.020994648760256165,0.016551582019527448,0.013652347907277896,0.011467091386853527,0.013281697183961466,0.01201144040085574,0.011106216363614004,0.009079867343096223,0.006259801654241714,0.004287790697674419,0.008187969094435057,0.006216271901030466,0.0011627906976744186,0.009499980995792443,0.0
,Block2,0.018304113897509945,0.0,0.0,0.0,0.0020204081632653062,0.004172335600907029,0.009488631178794402,0.010694273979988265,0.021171232480184522,0.03230168092996071,0.051915226288473816,0.041773789012919456,0.07351732348811459,0.052118553486714604,0.0666392325638965,0.07659613081929678,0.05549052832306649,0.0577822130002182,0.057820797439440755,0.0390767064425097,0.04276099162763712,0.029975824829944948,0.03129712415133561,0.02308625653058426,0.02515802346697551,0.026019022177635624,0.026214497395518038,0.014732912161001394,0.00947887097593957,0.011178622619616408,0.013768559993167232,0.02084368759158675,0.011735378823833974,0.0020869565217391307,0.00824343070561558,0.005198867952978293,0.027337795379629503,0.0

Session29,Block1,0.003149031351671103,0.0,0.0,0.0,0.00319534906161046,0.002040816326530612,0.01249537426189044,0.020964260604025762,0.026337299503660407,0.0514571541116096,0.05462055367377237,0.07303949893107245,0.07451378819966302,0.07862935681238549,0.10043209453349355,0.06468934373289587,0.08185530184237517,0.06399151652503571,0.04526029762253904,0.039687422779781045,0.031491178077768266,0.03156774034986125,0.022024679462231446,0.03771951445759252,0.014430269024045017,0.015744134147646104,0.0063356024227872966,0.006281237672373914,0.005149031351671103,0.006389670268354027,0.0052370157282771255,0.0031731859410430835,0.0010638297872340426,0.0021167557932263814,0.0032184757961155478,0.001,0.010699219845760746,0.0
,Block2,0.014085981219245845,0.0,0.0,0.0011363636363636363,0.003079759862778731,0.00331130453470879,0.007486729540300968,0.017744590837604258,0.030871284651836233,0.04074558830462184,0.054603075601046026,0.06247832493945475,0.07380104479030317,0.07610947631894299,0.06767224911346564,0.07498425728818589,0.05475185076767834,0.04636629354834684,0.052687417200334694,0.04619119869521231,0.04582544914591669,0.026048168396952592,0.03296246593414928,0.029786853445967425,0.03135730643911397,0.01580707860191143,0.010256590405870672,0.01543978868143002,0.008343846629560914,0.007259074551806538,0.013491128126493593,0.006338938711623233,0.008451557895885626,0.003992288906730897,0.0021567717996289425,0.004024614100959533,0.010351287375567642,0.0

Session30,Block1,0.009903495966794337,0.0,0.0,0.0,0.0,0.009128251300520208,0.010864469159681927,0.020075857033427468,0.025140954330227217,0.054117545544453735,0.047811986785602126,0.07770990890217608,0.08770576276841603,0.07210442642356792,0.08174728836358659,0.0745085303789113,0.07225461223026364,0.0494188805338001,0.04621223205478769,0.045009387000325043,0.02443515102785846,0.03399983808972865,0.02815782062694568,0.031511463074623464,0.019381281044734584,0.013887081825380199,0.013827718373966125,0.008547292408119024,0.00873095878200279,0.009435058806845467,0.0044778669043374925,0.004305689877498388,0.003267882910740054,0.00499580779809873,0.0010869565217391304,0.0010869565217391304,0.005151586629101224,0.0
,Block2,0.015221630942413739,0.0,0.0,0.0,0.0010638297872340426,0.0010638297872340426,0.012712461333592948,0.012670966937499636,0.019812736978442082,0.04870660532537286,0.03939403978355639,0.045585920361914084,0.07083094226592937,0.0821025443328336,0.07872531574512559,0.07470902983476868,0.056949086597900864,0.06190192620629671,0.0584275269728098,0.04148029622820264,0.04062594840238878,0.03240506092970644,0.03091354051187805,0.027086781864073463,0.017756141979788188,0.021572023709943915,0.013665829860490891,0.015461258798517633,0.011563202447183006,0.010262336568509379,0.01119498479331153,0.013432567426810146,0.00541371158392435,0.005367393873984994,0.004112722467549846,0.0020842379504993486,0.015723567410312875,0.0

Session31,Block1,0.01239543211323359,0.0,9.615384615384616E-4,0.0,0.0010869565217391304,0.008554802096481354,0.014695866274090382,0.023044634233875556,0.027037872554844966,0.04864635373785686,0.058950920154674444,0.06252754121842323,0.0842543609815847,0.0485467862876698,0.09423978928050922,0.06147765459710804,0.07329953167180817,0.06779799736011999,0.034784843884238636,0.04973442152780845,0.04001754014883159,0.03180389900780818,0.022019514797044715,0.02354990014347802,0.013473244370211853,0.021426243907882666,0.011306306607959015,0.012563146997929606,0.006192743764172335,0.015514549238325907,0.0031277728482697422,0.006396135265700484,0.003040816326530612,0.003198067632850242,0.0031315192743764176,0.004137717433158661,0.007063579277864993,0.0
,Block2,0.01747426963049008,0.0,0.0,0.0,0.0021286231884057967,9.80392156862745E-4,0.013748653847316578,0.015595647294085366,0.027927351992750343,0.037138301747847005,0.050054776357843576,0.06552830640378979,0.057987312865871596,0.06842230827391876,0.05902643850195645,0.075215647633619,0.05616304831156503,0.05474955830522614,0.06245431728119348,0.046290599132122696,0.03713342606130802,0.022709993558306475,0.03509161385133994,0.035475090681839905,0.03039107651402988,0.0218336720983159,0.019055678172198044,0.014468303932498308,0.010311501765724434,0.010467612630336414,0.009490529898716762,0.009491871516746358,0.007270087047671132,0.001980392156862745,0.0019237883832778392,0.0020638297872340424,0.019955979018729343,0.0

Session32,Block1,0.012176704368504676,0.0,0.0,0.0,0.0,0.0052238067150681125,0.011670300939314418,0.013696711792497285,0.031933907551233945,0.036544921944096184,0.05675520728195362,0.05333531514725787,0.07005374414870565,0.07572178280313549,0.07674887564077079,0.06522205849740365,0.054276168601690024,0.050731632305190864,0.06891978314951908,0.04221184641751402,0.0399600844099373,0.03657354319660755,0.030587870546462025,0.023650874864154858,0.019642092155321037,0.025389121454977258,0.014820698502085946,0.011490065852475386,0.014528741979660831,0.012338757530984422,0.006188063747846357,0.008426421094153081,0.008238271182598915,0.006341630419270171,9.615384615384616E-4,9.80392156862745E-4,0.014659065141207999,0.0
,Block2,0.014561570727581815,0.0,0.0,0.0,0.0,0.004225427350427351,0.0042804373522458625,0.00833808681056916,0.02933973001596789,0.03354432410042806,0.04093769257322448,0.04553503309153765,0.054972184989559435,0.06706897760461175,0.06472855730109923,0.057888427946098296,0.08756635261600516,0.04237177005663259,0.06002933279913385,0.049903114824243686,0.05115428457865605,0.041545408557650446,0.03837462649345055,0.03252331744083323,0.017869974333718074,0.023783084509213438,0.016596613357741395,0.013494098811279059,0.01151217736877826,0.007520826159921333,0.006153216299353217,0.014182858052399225,0.010296131626587398,0.003945135746606335,0.005337627298981608,0.006131665022801264,0.034287934182662835,0.0

Session33,Block1,0.007256177795619786,0.0,0.0,0.0011627906976744186,0.001020408163265306,0.0021073646850044364,0.013706039063934273,0.02737947258069385,0.025252437611153162,0.052432691157685216,0.06539154308071102,0.062217118217675026,0.0664962928797652,0.07195919415684641,0.07458247787381603,0.0804829162638506,0.07036845652729137,0.052794924596602864,0.06785442324070282,0.03837114786391466,0.03128446606015302,0.035037304793862335,0.028368615214269876,0.034728132490069966,0.023959807330548786,0.010654225213557198,0.005259292122646159,0.004194321206743567,0.009974483204134367,0.007463636213185587,0.006358940079412931,0.004041616646658664,0.0052951102921788866,0.0021980676328502416,0.0021073646850044364,0.0,0.008238740358517519,0.0
,Block2,0.012418552687566168,0.0,0.0,0.0,0.0031471631205673757,0.0030901616499442583,0.013561547065990703,0.013357928028537252,0.029155482373693798,0.02581738425819342,0.05779557473740227,0.056510883286638516,0.07714279177479004,0.0658838382503076,0.08081128568626625,0.07445844899192153,0.07277432125629017,0.05632823649989419,0.05622899955541884,0.04240124420578734,0.0529798267560066,0.03728744175390215,0.034848781190409704,0.029930449643744212,0.014469526161706409,0.013289825202122407,0.011078669000511326,0.013681100423518158,0.010343621544540393,0.003067034915439171,0.007297099089404494,0.00609271692737438,0.0031471631205673757,0.0020833333333333333,0.005254527805571812,9.615384615384616E-4,0.013303501241099868,0.0

Session34,Block1,0.010174120118021266,0.0,0.0,0.0,0.002173913043478261,0.006548019510554201,0.01166534755936104,0.029869136318653955,0.02731006233682327,0.04753688775579881,0.05370335113985174,0.06575299221724488,0.07821387746946093,0.10689519959798803,0.07037640790409391,0.06781849390056077,0.060260532296213545,0.06292031916367849,0.04961145704214291,0.04457806786550013,0.028975676776126093,0.030248811024812076,0.030067251522980343,0.020317138934953127,0.019537764894313064,0.016292798541047517,0.011913804519196353,0.008660158476532204,0.010581159630056155,0.0032860520094562646,0.006548019510554201,0.002131519274376417,0.0031073646850044365,0.0044213877909530085,0.0,0.00319534906161046,0.0053075581086021156,0.0
,Block2,0.013426013066342784,0.0,0.0,0.0,0.001020408163265306,0.005304705215419501,0.006529020118685771,0.017133265440002703,0.026287042168085244,0.03505929962179135,0.05641236946520824,0.04133773009666401,0.06708895105991827,0.053416515233907315,0.06853473262570522,0.06749730561358061,0.068715908904419,0.06058893565134964,0.06384613527803969,0.05648166955650592,0.03914352805568728,0.0358638208906751,0.03231825872501328,0.03293722624726734,0.0228347474820949,0.025015549698140127,0.016732078153493896,0.016966208222419402,0.010642108014960532,0.011786848072562358,0.004084237950499349,0.010411106286486225,0.0030204081632653063,0.0030842379504993486,0.003152777777777778,0.0032108843537414964,0.02011596667652568,0.0

Session35,Block1,0.009553311306164502,0.0,0.0,0.001020408163265306,0.0010416666666666667,0.004314393939393939,0.011924852808140787,0.02066635401842359,0.035317348210566854,0.03516469997567464,0.06249497951525651,0.0643153164094238,0.07001548464942417,0.08497760673076726,0.09349045108992063,0.07188561078821956,0.06048894518353361,0.05026485973654869,0.045105326172891966,0.04001890384065818,0.03997691996067054,0.02982312494883066,0.028047408720871136,0.01948777279336685,0.024770764026470413,0.017394977462163314,0.010694696819246194,0.011818921744965752,0.011602314179953931,0.008663312991368409,0.0032850241545893722,0.00410374149659864,0.003435517970401691,0.005288695314840434,0.005383838383838384,0.0011363636363636363,0.013026086190519958,0.0
,Block2,0.0157924065934506,0.0,0.0,0.0010416666666666667,0.004172845132502585,0.0031090153452685418,0.0064121499453368095,0.018582913532918,0.032902921785987964,0.040342261448351936,0.05947040655047655,0.06584800362412226,0.0676325215688832,0.06546142928620444,0.06550229913679373,0.07040298114872894,0.06774297460553477,0.055754537148304785,0.04492999037139033,0.03536250631780759,0.037601053317635184,0.04236373891916534,0.02741966670614087,0.027724801408243054,0.01951727451135193,0.013698231979697944,0.02266807941745363,0.010767706792581636,0.012387625919091882,0.005158422459893048,0.00495683174455553,0.011426129252474684,0.00732519342359768,0.005305689877498388,0.003171194472238479,0.005105392156862744,0.022939137432788262,0.0

Session36,Block1,0.01307053054676395,0.0,0.0,0.0,0.0010638297872340426,0.003263888888888889,0.013820658040300323,0.025052053333164164,0.029697035703014168,0.041644931592272866,0.0497003262811868,0.05692857867362635,0.06701926448033943,0.06941367784847943,0.07949487797330383,0.06008998322334917,0.06342141293226161,0.06537440285747761,0.05094370255263533,0.06096582422181581,0.0385109682649188,0.023112363486774874,0.02861665745242315,0.023359662333830626,0.023874702163558238,0.017236964957763577,0.01608012540645992,0.012688408991909737,0.007530184571659412,0.013898481013461219,0.00843574941744165,0.0052475904709947275,0.0053055555555555555,0.006324659296342651,0.0011111111111111111,0.0,0.017701836569680884,0.0
,Block2,0.026231907689037715,0.0,0.0,0.002173913043478261,0.001,0.003818181818181818,0.005089311309808204,0.01226499930558381,0.021159518535294936,0.042123000395956116,0.03596067448961303,0.05090407825602829,0.06712674850511159,0.05284110849530551,0.06741757528716771,0.07991729056306865,0.05525848680395804,0.05283792342681172,0.06784449756627128,0.04177303976454312,0.034791298348842134,0.03431368714366969,0.02944516391103255,0.01660064283762579,0.024127619240835292,0.02130132071071055,0.02539969654371002,0.01344665140044749,0.025583669263685625,0.01600236587231103,0.012055456568685449,0.0030236132914704342,0.00805145112035227,0.004921923314780458,0.005305091509314179,0.003982746944931818,0.035905346722375386,0.0

Session37,Block1,0.015744145917662503,0.0,0.0,0.0,0.0020673486786018753,0.005399402185116471,0.012541808223972068,0.014704048588852187,0.025013113595105635,0.05281265667923583,0.05394337057161025,0.07043520209696388,0.08244794548485986,0.090378517960751,0.0809669222024884,0.08244519095101734,0.07970632401238982,0.05544749009848919,0.04295775666713815,0.0431910264344013,0.03456588931801931,0.020784100251823878,0.025684015172627684,0.024567543640888426,0.01694447803941037,0.010311993043617977,0.012555136809580444,0.009205842018014065,0.011200814831020289,0.009333839951304327,0.0020253682487725044,0.0030424669867947173,0.0021567717996289425,0.003334431269213878,0.002000800320128051,0.0,0.0020842379504993486,0.0
,Block2,0.015928229394524606,0.0,0.0,9.80392156862745E-4,0.004092851592851593,0.006494040277227141,0.013594097256821041,0.024456332018412727,0.022854396895804437,0.03840004930465833,0.04670248672332702,0.054763390056259055,0.07865765345230358,0.0774685033343061,0.07101807449819231,0.06816273113453693,0.05959918474191848,0.06554641194665119,0.05306456604882433,0.034177602120376085,0.030195479307736278,0.04152004853065865,0.022983081820951753,0.02747185896756595,0.016304182514646486,0.01866411116359324,0.01931876446230666,0.01729966613685101,0.011470406870281714,0.009607613796506745,0.00517253136933988,0.005214511799169251,0.007239466708669283,0.0052727530406101834,0.0021111111111111113,0.0030005941770647653,0.02119282526907936,0.0

Session38,Block1,0.008194350561432303,0.0,0.0,0.0,0.004200193423597679,0.001020408163265306,0.015484228396216923,0.018694981226214807,0.031652101145852894,0.043173695861128916,0.05647939189811194,0.06643182873480281,0.08157604836815595,0.08391929716970269,0.07468469804286505,0.07678581902599191,0.06701598309966902,0.06446931023269516,0.0577410418607473,0.04632909597903446,0.039137396676129275,0.03233225567260246,0.03541215565555489,0.017053134376095777,0.01974588480573115,0.00623238089054371,0.013901084977763706,0.00823299715214406,0.0030495831505046073,0.008410587963214889,0.004275115468186054,0.002007226013649137,0.0031167557932263814,0.002044221944096788,0.0010416666666666667,0.0,0.0061550796044053165,0.0
,Block2,0.017439454921977716,0.0,0.0,0.0,0.0,0.002003205128205128,0.005108701582105838,0.016052309009611,0.026755973256733134,0.04428307161979496,0.05074611556604054,0.054350717359858955,0.06162657514642572,0.07723641565482828,0.07837040367788786,0.06575936542761361,0.07880364499334111,0.061218823942385724,0.05595221743938981,0.039168895330463235,0.03383337532099831,0.025359867608966358,0.02333667555354671,0.024351359600908975,0.024780572552699325,0.021926659713133876,0.014664886560709082,0.016014232123960418,0.012834086084466022,0.014869427110402313,0.00925887406244549,0.0031731859410430835,0.00741813543599258,0.008222051757766042,0.005086538461538462,0.0020620748299319726,0.017932107224828298,0.0

Session39,Block1,0.006318910254939095,0.0,0.0,0.0,0.0011111111111111111,0.008536112928487877,0.012586466175209924,0.015078472358727817,0.039293048524152156,0.04573746831068679,0.052661825279508336,0.05860587247407685,0.07741392734794694,0.07092774267820476,0.07209927206204195,0.07707218465248813,0.07491025053658983,0.06367266966242274,0.06392420279681729,0.03962415316756682,0.04320073099501094,0.032966175467237076,0.020805166711632673,0.015607053780996947,0.018286973706806535,0.015710084502365863,0.01459115289838404,0.009692083538766893,0.007326898360891745,0.008597974973354914,0.010615365208334681,0.006293768674149288,0.004085888610763455,0.002993328859590258,0.004381266493789966,0.0,0.005272396896946271,0.0
,Block2,0.021541295880508564,0.0,0.0,0.0,0.0,0.009672025808166977,0.012651361878970313,0.011535611234865658,0.026509138207913417,0.041046551354560395,0.05223419914688299,0.06405312925034959,0.07101982366018572,0.05906468066456087,0.06724234353646583,0.06220424922481217,0.062275440352182944,0.05384134921557972,0.05534531800918252,0.047729213758175904,0.047923443643664916,0.03213847222967049,0.025829333876914433,0.03266918452039782,0.019709820332271265,0.015988757986556336,0.013062876176635152,0.014822530159346467,0.005352372833191248,0.01153947042818391,0.007768529472093534,0.008345833368792549,0.006160982008995503,0.010360733589127698,0.008498946874803886,0.005262697740212335,0.0166002835757788,0.0

Session40,Block1,0.015467225650667299,0.0,0.0,0.0011363636363636363,0.0030008003201280513,0.005040816326530612,0.01237694781211036,0.015387947785675149,0.026055860998391057,0.035536871584443665,0.05214099744844795,0.05870705540096919,0.06056202338390575,0.07627360173900784,0.06867156539909067,0.07762738434356684,0.07182749467951857,0.06805761200898466,0.04556266751378167,0.04257647775314366,0.036206967776080755,0.031279418032779185,0.029374314783520004,0.02514852364873548,0.01757472080873518,0.022008267837840323,0.014264397956578207,0.01344868571850572,0.011587454162946433,0.009194807763708913,0.007351780052698903,0.01136444776800637,0.004083333333333333,0.003149031351671103,0.0050697034666709485,0.0020253682487725044,0.02085906350469003,0.0
,Block2,0.009451557895885625,0.0,0.0010869565217391304,0.0,0.0011363636363636363,0.004400386847195358,0.011615966557340285,0.014605264542954511,0.02022062642692589,0.03949688093637925,0.043856075009134896,0.046609163201063786,0.07634582215683763,0.05889187727695516,0.05884539400741186,0.06673499680408089,0.049672560585502276,0.054708170060425956,0.03708436050113145,0.05248164757395775,0.03308480141559048,0.03585117124752607,0.04691876233044348,0.02898374979964886,0.028655684542205646,0.024481876789487864,0.01689311966664602,0.017911174497838057,0.012908837784970078,0.02025921098122763,0.011763132349486661,0.009623572683355293,0.008714927467780662,0.00883459595959596,0.00536951966473243,0.013966084865533126,0.028535707412646223,0.0

